{
  "world": "world",
  "x": -948.4453916447791,
  "y": 2.0,
  "z": -872.5738024429592,
  "pitch": 11.116387,
  "yaw": 270.3407
}